Name,Price,Currency,Url
Диван Нумо Velvet Yellow,37990,руб.,https://www.divan.ru/product/divan-numo-velvet-yellow
Диван Нумо Мини Textile Light,24990,руб.,https://www.divan.ru/product/divan-numo-mini-textile-light
Диван Льери Мини Velvet Light,64990,руб.,https://www.divan.ru/product/divan-leri-mini-velvet-light
Диван угловой Онте Bucle Mint,109990,руб.,https://www.divan.ru/product/divan-uglovoj-onte-bucle-mint
Диван угловой Эби-1 Velvet Coral,72990,руб.,https://www.divan.ru/product/divan-uglovoj-ebi-1-velvet-coral
Диван Терм Velvet Beige,69990,руб.,https://www.divan.ru/product/divan-term-velvet-beige
Диван Слипсон Velvet Silver,59990,руб.,https://www.divan.ru/product/divan-slipson-velvet-silver
Диван Маре Мини Velvet Beige,27990,руб.,https://www.divan.ru/product/divan-mare-mini-velvet-beige
Модульный диван Этен 1 Vertical Milk,115950,руб.,https://www.divan.ru/product/modulnyj-divan-eten-1-vertical-milk
Диван Спейс Soft Navy Blue,64990,руб.,https://www.divan.ru/product/divan-spejs-soft-navy-blue
Кресло Витио Velvet Yellow,21990,руб.,https://www.divan.ru/product/kreslo-vitio-velvet-yellow-new
Диван Эби Мини Linia Mint,56990,руб.,https://www.divan.ru/product/divan-abi-mini-linia-mint
Пуф Дзен Velvet Smoke,6990,руб.,https://www.divan.ru/product/puf-dzen-velvet-smoke
Диван Льери Barhat Blue,79990,руб.,https://www.divan.ru/product/divan-leri-barhat-blue
Диван угловой Маркфул Velvet Light,79990,руб.,https://www.divan.ru/product/divan-uglovoj-markful-velvet-light
Диван Сваут Velvet Moss,64990,руб.,https://www.divan.ru/product/divan-svaut-velvet-moss
Диван Эби Velvet Blue,64990,руб.,https://www.divan.ru/product/divan-ebi-velvet-blue
Диван Спейс-2 Velvet Beige,89990,руб.,https://www.divan.ru/product/divan-spejs-2-velvet-beige
Модульный диван Риббл-1 Bucle Lilac,76980,руб.,https://www.divan.ru/product/modulnyj-divan-ribbl-1-bucle-lilac
Кресло Кальдера Bucle Cloud,36990,руб.,https://www.divan.ru/product/kreslo-kaldera-bucle-cloud
Кресло Тилар Cozy Milk,22990,руб.,https://www.divan.ru/product/kreslo-tilar-cozy-milk
Диван угловой Дарол Velvet Silver,64990,руб.,https://www.divan.ru/product/divan-uglovoj-darol-velvet-silver
Диван Дисент Velvet Beige,79990,руб.,https://www.divan.ru/product/divan-disent-velvet-beige
Диван Тилар Textile Grafit,29990,руб.,https://www.divan.ru/product/divan-tilar-textile-grafit
Диван угловой Эдвин Velvet Terra,69990,руб.,https://www.divan.ru/product/divan-uglovoj-edvin-velvet-terra
Диван Ольен Velvet Navy Blue,64990,руб.,https://www.divan.ru/product/divan-olen-velvet-navy-blue
Диван угловой Вильен мини Velvet Caramel,59990,руб.,https://www.divan.ru/product/divan-uglovoj-vilen-mini-velvet-caramel
Кресло Пайл Barhat Olive,23990,руб.,https://www.divan.ru/product/kreslo-pajl-barhat-olive
Диван Бонс-Т Velvet Mint,44990,руб.,https://www.divan.ru/product/divan-bons-t-velvet-mint
Диван Клаймар Velvet Smoke,56990,руб.,https://www.divan.ru/product/divan-klajmar-velvet-smoke
Диван угловой Дисент-1 Soft Toffe,96990,руб.,https://www.divan.ru/product/divan-uglovoj-disent-1-soft-toffe
Диван Виена Velvet Smoke,64990,руб.,https://www.divan.ru/product/divan-viena-time-grey
Диван Кейсес Velvet Grafit,26990,руб.,https://www.divan.ru/product/divan-kejses-velvet-grafit
Диван угловой Аллаум Linia Lavender,52990,руб.,https://www.divan.ru/product/divan-uglovoj-allaum-linia-lavender
Диван Ольен Мини Velvet Silver,54990,руб.,https://www.divan.ru/product/divan-olen-mini-velvet-silver
Диван угловой Нумо Velvet Green,47990,руб.,https://www.divan.ru/product/divan-uglovoj-numo-velvet-green
Диван Бруквиль Velvet Terra,49990,руб.,https://www.divan.ru/product/divan-brukvil-velvet-terra
Диван Слипсон Мини Linia Beige,44990,руб.,https://www.divan.ru/product/divan-slipson-mini-linia-beige
Диван угловой Аронт Мини Velvet Pink,58990,руб.,https://www.divan.ru/product/divan-uglovoj-aront-mini-velvet-pink
Диван Динс Мини Velvet Yellow,49990,руб.,https://www.divan.ru/product/divan-dins-mini-velvet-yellow
Кушетка Ринт Bucle Blue,20990,руб.,https://www.divan.ru/product/kushetka-rint-bucle-blue
Диван Бонент Velvet Eclipse,76990,руб.,https://www.divan.ru/product/divan-bonent-velvet-eclipse
Диван Роттердам Cozy Milk,27990,руб.,https://www.divan.ru/product/divan-rotterdam-cozy-milk
Диван Лофт Linia Nut,45990,руб.,https://www.divan.ru/product/divan-loft-linia-nut
Кресло-кровать Види Textile Navy Blue,21990,руб.,https://www.divan.ru/product/kreslo-krovat-vidi-textile-navy-blue
Диван Види Textile Light,25990,руб.,https://www.divan.ru/product/divan-vidi-textile-light
Модульный диван Этен 4 Vertical Mix,203920,руб.,https://www.divan.ru/product/modulnyj-divan-eten-4-vertical-mix
Кресло поворотное Теоп Bucle Forest,35990,руб.,https://www.divan.ru/product/kreslo-povorotnoe-teop-bucle-forest
