Название прибора,Цена,Валюта,Ссылка на страницу
Люстра Ливсден Brown,17590,руб.,https://www.divan.ru/product/lyustra-livsden-brown
Подвесной светильник Ливсден Brown,3990,руб.,https://www.divan.ru/product/podvesnoj-svetilnik-livsden-brown
Настольная лампа Ливсден Brown,7590,руб.,https://www.divan.ru/product/nastolnaya-lampa-livsden-brown
Торшер Ливсден Brown,11990,руб.,https://www.divan.ru/product/torsher-livsden-brown
Бра Флиммер Black,1390,руб.,https://www.divan.ru/product/bra-flimmer-black
Люстра Флиммер Black,6290,руб.,https://www.divan.ru/product/lyustra-flimmer-black
Подвесной светильник Флиммер Black,1590,руб.,https://www.divan.ru/product/podvesnoj-svetilnik-flimmer-black
Настольная лампа Флиммер Black,2990,руб.,https://www.divan.ru/product/nastolnaya-lampa-flimmer-black
Торшер Флиммер Black,4990,руб.,https://www.divan.ru/product/torsher-flimmer-black
Торшер Нидлс Khaki,14990,руб.,https://www.divan.ru/product/torsher-nidls-khaki
Настольная лампа Нидлс Raffia Beige,4990,руб.,https://www.divan.ru/product/nastolnaya-lampa-nidls-raffia-beige
Люстра Гейза Black,8990,руб.,https://www.divan.ru/product/lyustra-gejza-black
Настольная лампа Гейза Black,3990,руб.,https://www.divan.ru/product/nastolnaya-lampa-gejza-black
Настольная лампа Гейза Pink,3990,руб.,https://www.divan.ru/product/nastolnaya-lampa-gejza-pink
Настольная лампа Гейза Blue,3990,руб.,https://www.divan.ru/product/nastolnaya-lampa-gejza-blue
Настольная лампа Гейза Orange,3990,руб.,https://www.divan.ru/product/nastolnaya-lampa-gejza-orange
Настольная лампа Алней Black,3990,руб.,https://www.divan.ru/product/nastolnaya-lampa-alnej-black
Настольная лампа Алней Beige,3990,руб.,https://www.divan.ru/product/nastolnaya-lampa-alnej-beige
Настольная лампа Алней Green,3990,руб.,https://www.divan.ru/product/nastolnaya-lampa-alnej-green
Настольная лампа Алней Orange,3990,руб.,https://www.divan.ru/product/nastolnaya-lampa-alnej-orange
Торшер Алней Green,7990,руб.,https://www.divan.ru/product/torsher-alnej-green
Торшер Алней Black,7990,руб.,https://www.divan.ru/product/torsher-alnej-black
Торшер Алней Orange,7990,руб.,https://www.divan.ru/product/torsher-alnej-orange
Торшер Алней Beige,7990,руб.,https://www.divan.ru/product/torsher-alnej-beige
Настольная лампа Арбет Orange,2390,руб.,https://www.divan.ru/product/nastolnaya-lampa-arbet-orange
Настольная лампа Арбет Silver,3390,руб.,https://www.divan.ru/product/nastolnaya-lampa-arbet-silver
Настольная лампа Арбет Beige,2390,руб.,https://www.divan.ru/product/nastolnaya-lampa-arbet-beige
Настольная лампа Арбет White,2390,руб.,https://www.divan.ru/product/nastolnaya-lampa-arbet-white
Настольная лампа Арбет Black,2390,руб.,https://www.divan.ru/product/nastolnaya-lampa-arbet-black
Настольная лампа Синдри Grey,4390,руб.,https://www.divan.ru/product/nastolnaya-lampa-sindri-grey
Люстра Синдри Black,13990,руб.,https://www.divan.ru/product/lyustra-sindri-black
Настольная лампа Манэт White,2290,руб.,https://www.divan.ru/product/nastolnaya-lampa-manet-white
Настольная лампа Леррет Beige,3990,руб.,https://www.divan.ru/product/nastolnaya-lampa-lerret-beige
Настольная лампа Леррет White,2590,руб.,https://www.divan.ru/product/nastolnaya-lampa-lerret-white
Настольная лампа Истад Black,1690,руб.,https://www.divan.ru/product/nastolnaya-lampa-istad-black
Настольная лампа Истад White,1690,руб.,https://www.divan.ru/product/nastolnaya-lampa-istad-white
Люстра Боллар White,22990,руб.,https://www.divan.ru/product/lyustra-bollar-white
Настольная лампа Рибе Black,1890,руб.,https://www.divan.ru/product/nastolnaya-lampa-ribe-black
Настольная лампа Рибе Orange,1890,руб.,https://www.divan.ru/product/nastolnaya-lampa-ribe-orange
Настольная лампа Снибальд White,790,руб.,https://www.divan.ru/product/nastolnaya-lampa-snibald-white
Настольная лампа Спайк Pink,1390,руб.,https://www.divan.ru/product/nastolnaya-lampa-spajk-pink
Настольная лампа Спайк White,1390,руб.,https://www.divan.ru/product/nastolnaya-lampa-spajk-white
Настольная лампа Астри Black,1390,руб.,https://www.divan.ru/product/nastolnaya-lampa-astri-black
Настольная лампа Астри Beige,1390,руб.,https://www.divan.ru/product/nastolnaya-lampa-astri-beige
Подвесной светильник Клауд White,9990,руб.,https://www.divan.ru/product/podvesnoj-svetilnik-klaud-white
Торшер Клауд White,18290,руб.,https://www.divan.ru/product/torsher-klaud-white
Настольная лампа Клауд White,15990,руб.,https://www.divan.ru/product/nastolnaya-lampa-klaud-white
Настольная лампа Машрум Olive,3990,руб.,https://www.divan.ru/product/nastolnaya-lampa-mashrum-olive
